<?xml version="1.0"?>
<emif>
   <system>
      <config value="19.1" name="VERSION"/>
      <config value="Wednesday August,26,2020-03:34:40 PM EDT" name="TIME_AND_DATE"/>
   </system>
   <SDRAM>
      <config name="CONFIG_HPS_SDR_SERRCNT" value="8"/>
      <config name="CONFIG_HPS_SDR_IO_SIZE" value="1"/>
      <config name="CONFIG_HPS_SDR_ECC_EN" value="0"/>
      <config name="CONFIG_HPS_SDR_DDRCONF" value="0"/>
      <config name="CONFIG_HPS_SDR_DDRTIMING_ACTTOACT" value="28"/>
      <config name="CONFIG_HPS_SDR_DDRTIMING_RDTOMISS" value="0"/>
      <config name="CONFIG_HPS_SDR_DDRTIMING_WRTOMISS" value="0"/>
      <config name="CONFIG_HPS_SDR_DDRTIMING_BURSTLEN" value="2"/>
      <config name="CONFIG_HPS_SDR_DDRTIMING_RDTOWR" value="5"/>
      <config name="CONFIG_HPS_SDR_DDRTIMING_WRTORD" value="18"/>
      <config name="CONFIG_HPS_SDR_DDRTIMING_BWRATIO" value="0"/>
      <config name="CONFIG_HPS_SDR_DDRMODE_AUTOPRECHARGE" value="0"/>
      <config name="CONFIG_HPS_SDR_DDRMODE_BWRATIOEXTENDED" value="0"/>
      <config name="CONFIG_HPS_SDR_READLATENCY" value="0"/>
      <config name="CONFIG_HPS_SDR_ACTIVATE_RRD" value="3"/>
      <config name="CONFIG_HPS_SDR_ACTIVATE_FAW" value="13"/>
      <config name="CONFIG_HPS_SDR_ACTIVATE_FAWBANK" value="4"/>
      <config name="CONFIG_HPS_SDR_DEVTODEV_BUSRDTORD" value="4"/>
      <config name="CONFIG_HPS_SDR_DEVTODEV_BUSRDTOWR" value="5"/>
      <config name="CONFIG_HPS_SDR_DEVTODEV_BUSWRTORD" value="7"/>
   </SDRAM>
   <csr>
   </csr>
</emif>
